-- Subjects
INSERT INTO Subject (subject_id, name) VALUES (1, 'Math');
INSERT INTO Subject (subject_id, name) VALUES (2, 'Physics');
INSERT INTO Subject (subject_id, name) VALUES (3, 'Chemistry');

--Users
INSERT INTO User (user_id, email, username, password_salt, password_hash, firstname, lastname, isTutor)  VALUES (1, 'tutor1@bristol.ac.uk', 'tutor1', 'dc5d91a3', '6008fd149a95b14dfde1396c611b27c855bfc47979b2503af0a8d7136bd48072b6623b627d06706abe22804fe00ea66d902369d358c0ea4e185b0b7425b54c19', 'Keith', 'Ross', 1);
INSERT INTO User (user_id, email, username, password_salt, password_hash, firstname, lastname, isTutor)  VALUES (2, 'tutor2@bristol.ac.uk', 'tutor2', '6e63cb85', 'a8e7524bc359057571b1a065598a1eca3276080701402d8945bc2f58ee02b4b819c679da4cbdfd6f237b18a2d2e19c34619f310e3dbdc4a5c6f8513ce796d8bd', 'Daniel', 'Parker', 1);
INSERT INTO User (user_id, email, username, password_salt, password_hash, firstname, lastname, isTutor)  VALUES (3, 'tutor3@bristol.ac.uk', 'tutor3', 'e031f6dc', '39bc8b4bcf7307a6cff43dadb38da88ee505a453e6258517048e6947c4eb15ac9f9cd0e1de70c88779970d7eae8eabdbe291f3c5207788be1864542bd1afa3f1', 'Mark', 'Taylor', 1);
INSERT INTO User (user_id, email, username, password_salt, password_hash, firstname, lastname, isTutor)  VALUES (4, 'tutor4@bristol.ac.uk', 'tutor4', '686e450c', '7e1d81bca0447f2c09411de31e29aa008be9ddeec67dee67a25fa98d3da1c23d0203c028673669205ec0d5be7e7803ae1440d7c0a8e090b41f77af96007f5160', 'Pablo', 'Lewis', 1);
INSERT INTO User (user_id, email, username, password_salt, password_hash, firstname, lastname, isTutor)  VALUES (5, 'tutor5@bristol.ac.uk', 'tutor5', '1a698cd8', '32e2e2458cac88cc79884db3d2aa00ba70ca2c6d5eabc55681bf5a1968fa77875220bed47dfbf76eb1884f3413fd820b8c9960372c5fa370ee4a37fe821953d7', 'John', 'Sullivan', 1);
INSERT INTO User (user_id, email, username, password_salt, password_hash, firstname, lastname, isTutor)  VALUES (6, 'tutor6@bristol.ac.uk', 'tutor6', '6d47a673', '7165f1bb91b3178f1d73bac9fe10b44c2650f0e29f9f2c9882f5085cb59c0a865cd088e2877d34d80c99a8f4f9afffde06c12b525c32857518ade370f5a78c0b', 'Sarah', 'Hunter', 1);
INSERT INTO User (user_id, email, username, password_salt, password_hash, firstname, lastname, isTutor)  VALUES (7, 'tutor7@bristol.ac.uk', 'tutor7', '2938a836', 'c694c02dbd721686e687d1b49ac6d8e21c314b8a0fa7c28079f9e4db7647778906ccfd9ac25087c173baa866af0bed1c3d1029391a44fda9905686dc6191a6a5', 'Isabelle', 'McCartney', 1);
INSERT INTO User (user_id, email, username, password_salt, password_hash, firstname, lastname, isTutor)  VALUES (8, 'tutor8@bristol.ac.uk', 'tutor8', 'b06a0f81', '502137a8360b131db7567041f70f4ef20095a9a83d2357e4fd9e419a35ad5dcaefbb408ac07117610c349da2298560b8d4ec700900df34299793ae4440cdb69d', 'Mary', 'Myers', 1);
INSERT INTO User (user_id, email, username, password_salt, password_hash, firstname, lastname, isTutor)  VALUES (9, 'tutor9@bristol.ac.uk', 'tutor9', '4727a285', '38ec79555a47496e71d012162b1bebdf944e4e972ea8efa0c7358d7dcd768707ff98d78b639f9895375bdcb5ef1795da5c2aef78484befcd5f0f0b7dc4b4fdbc', 'Betty', 'Watchon', 1);
INSERT INTO User (user_id, email, username, password_salt, password_hash, firstname, lastname, isTutor)  VALUES (10, 'tutor10@bristol.ac.uk', 'tutor10', 'ef6abc91', '07ecb59ae9fd37c105b736e440fd71c062463b35dc87815e12d59e2381231b22ad1cdaa36809418d588a937a5a1df3c7d23a229fe38462dd24d213fa5a56dae0', 'Dan', 'Hagen', 1);
INSERT INTO User (user_id, email, username, password_salt, password_hash, firstname, lastname, isTutor)  VALUES (11, 'student1@bristol.ac.uk', 'student1', '6a478799', 'e99e7d63463033f2de9f94edfba13a1c8f578f610ab5c3f13b5b9b76cc41c0dfaf33a58d453cee298488777d478497ee372c8f09f65842db60b377c3e7269b42', 'Georgia', 'Allen', 0);
INSERT INTO User (user_id, email, username, password_salt, password_hash, firstname, lastname, isTutor)  VALUES (12, 'student2@bristol.ac.uk', 'student2', 'ad2dd5c2', 'd602d218bf12fc4e2bb8cd8f3c632a30a7af0d6f51f4e288c9a3b30d01efe619bd07b8629ac5088f17458e4f7cb074439792ae58aad86f1145b58359acb6950c', 'Jerry', 'Crawford', 0);
INSERT INTO User (user_id, email, username, password_salt, password_hash, firstname, lastname, isTutor)  VALUES (13, 'student3@bristol.ac.uk', 'student3', 'de7fd307', '74bd8ce8a71145693a93e056b63d4b9bda2acc7846da6a73a9e82d890418533cd7e9f4eb4bab0b0c81afa28b1dea13f0dc2065a9179efa4a8698f35dfd8b5b58', 'Christa', 'Roberts', 0);

-- Tutors
INSERT INTO Tutor(user_id, tutor_id, rate, location, description) VALUES (1, 1, 45, 'Bristol', 'Lorem ipsum dolor sit amet, est ex cibo postulant. Duo te utamur laoreet. At usu discere perfecto, quas atqui te per. Vix delenit voluptaria cu. Utinam inciderint et quo, cu vis soluta alterum conceptam. Laoreet commune sit id, mei nibh legimus accumsan at, vis id mucius doming suscipit. <br />Erant antiopam eu eum. Intellegat interesset eam in, vim debet maiorum periculis an. Est cu eligendi vituperata. Movet altera doctus sea ex, per ut dicit equidem referrentur. Pro falli inimicus ex, est ad abhorreant repudiandae. Nam cu dolore corpora iracundia. <br />Eam et essent invidunt deseruisse, per ea brute mentitum omittantur. Velit verear aeterno vim at, eu eum magna appareat. Vel ea harum dolores, est albucius fabellas detraxit in, nam id duis nulla. Quis reprimique eam ad. Vis augue libris dissentiunt ne, per illud virtute sanctus ad.');
INSERT INTO Tutor(user_id, tutor_id, rate, location, description) VALUES (2, 2, 50, 'Manchester', 'Lorem ipsum dolor sit amet, est ex cibo postulant. Duo te utamur laoreet. At usu discere perfecto, quas atqui te per. Vix delenit voluptaria cu. Utinam inciderint et quo, cu vis soluta alterum conceptam. Laoreet commune sit id, mei nibh legimus accumsan at, vis id mucius doming suscipit. <br />Erant antiopam eu eum. Intellegat interesset eam in, vim debet maiorum periculis an. Est cu eligendi vituperata. Movet altera doctus sea ex, per ut dicit equidem referrentur. Pro falli inimicus ex, est ad abhorreant repudiandae. Nam cu dolore corpora iracundia. <br />Eam et essent invidunt deseruisse, per ea brute mentitum omittantur. Velit verear aeterno vim at, eu eum magna appareat. Vel ea harum dolores, est albucius fabellas detraxit in, nam id duis nulla. Quis reprimique eam ad. Vis augue libris dissentiunt ne, per illud virtute sanctus ad.');
INSERT INTO Tutor(user_id, tutor_id, rate, location, description) VALUES (3, 3, 40, 'London',  'Lorem ipsum dolor sit amet, est ex cibo postulant. Duo te utamur laoreet. At usu discere perfecto, quas atqui te per. Vix delenit voluptaria cu. Utinam inciderint et quo, cu vis soluta alterum conceptam. Laoreet commune sit id, mei nibh legimus accumsan at, vis id mucius doming suscipit. <br />Erant antiopam eu eum. Intellegat interesset eam in, vim debet maiorum periculis an. Est cu eligendi vituperata. Movet altera doctus sea ex, per ut dicit equidem referrentur. Pro falli inimicus ex, est ad abhorreant repudiandae. Nam cu dolore corpora iracundia. <br />Eam et essent invidunt deseruisse, per ea brute mentitum omittantur. Velit verear aeterno vim at, eu eum magna appareat. Vel ea harum dolores, est albucius fabellas detraxit in, nam id duis nulla. Quis reprimique eam ad. Vis augue libris dissentiunt ne, per illud virtute sanctus ad.');
INSERT INTO Tutor(user_id, tutor_id, rate, location, description) VALUES (4, 4, 35, 'Bristol',  'Lorem ipsum dolor sit amet, est ex cibo postulant. Duo te utamur laoreet. At usu discere perfecto, quas atqui te per. Vix delenit voluptaria cu. Utinam inciderint et quo, cu vis soluta alterum conceptam. Laoreet commune sit id, mei nibh legimus accumsan at, vis id mucius doming suscipit. <br />Erant antiopam eu eum. Intellegat interesset eam in, vim debet maiorum periculis an. Est cu eligendi vituperata. Movet altera doctus sea ex, per ut dicit equidem referrentur. Pro falli inimicus ex, est ad abhorreant repudiandae. Nam cu dolore corpora iracundia. <br />Eam et essent invidunt deseruisse, per ea brute mentitum omittantur. Velit verear aeterno vim at, eu eum magna appareat. Vel ea harum dolores, est albucius fabellas detraxit in, nam id duis nulla. Quis reprimique eam ad. Vis augue libris dissentiunt ne, per illud virtute sanctus ad.');
INSERT INTO Tutor(user_id, tutor_id, rate, location, description) VALUES (5, 5, 60, 'London',  'Lorem ipsum dolor sit amet, est ex cibo postulant. Duo te utamur laoreet. At usu discere perfecto, quas atqui te per. Vix delenit voluptaria cu. Utinam inciderint et quo, cu vis soluta alterum conceptam. Laoreet commune sit id, mei nibh legimus accumsan at, vis id mucius doming suscipit. <br />Erant antiopam eu eum. Intellegat interesset eam in, vim debet maiorum periculis an. Est cu eligendi vituperata. Movet altera doctus sea ex, per ut dicit equidem referrentur. Pro falli inimicus ex, est ad abhorreant repudiandae. Nam cu dolore corpora iracundia. <br />Eam et essent invidunt deseruisse, per ea brute mentitum omittantur. Velit verear aeterno vim at, eu eum magna appareat. Vel ea harum dolores, est albucius fabellas detraxit in, nam id duis nulla. Quis reprimique eam ad. Vis augue libris dissentiunt ne, per illud virtute sanctus ad.');
INSERT INTO Tutor(user_id, tutor_id, rate, location, description) VALUES (6, 6, 44, 'Oxford',  'Lorem ipsum dolor sit amet, est ex cibo postulant. Duo te utamur laoreet. At usu discere perfecto, quas atqui te per. Vix delenit voluptaria cu. Utinam inciderint et quo, cu vis soluta alterum conceptam. Laoreet commune sit id, mei nibh legimus accumsan at, vis id mucius doming suscipit. <br />Erant antiopam eu eum. Intellegat interesset eam in, vim debet maiorum periculis an. Est cu eligendi vituperata. Movet altera doctus sea ex, per ut dicit equidem referrentur. Pro falli inimicus ex, est ad abhorreant repudiandae. Nam cu dolore corpora iracundia. <br />Eam et essent invidunt deseruisse, per ea brute mentitum omittantur. Velit verear aeterno vim at, eu eum magna appareat. Vel ea harum dolores, est albucius fabellas detraxit in, nam id duis nulla. Quis reprimique eam ad. Vis augue libris dissentiunt ne, per illud virtute sanctus ad.');
INSERT INTO Tutor(user_id, tutor_id, rate, location, description) VALUES (7, 7, 65, 'Bristol',  'Lorem ipsum dolor sit amet, est ex cibo postulant. Duo te utamur laoreet. At usu discere perfecto, quas atqui te per. Vix delenit voluptaria cu. Utinam inciderint et quo, cu vis soluta alterum conceptam. Laoreet commune sit id, mei nibh legimus accumsan at, vis id mucius doming suscipit. <br />Erant antiopam eu eum. Intellegat interesset eam in, vim debet maiorum periculis an. Est cu eligendi vituperata. Movet altera doctus sea ex, per ut dicit equidem referrentur. Pro falli inimicus ex, est ad abhorreant repudiandae. Nam cu dolore corpora iracundia. <br />Eam et essent invidunt deseruisse, per ea brute mentitum omittantur. Velit verear aeterno vim at, eu eum magna appareat. Vel ea harum dolores, est albucius fabellas detraxit in, nam id duis nulla. Quis reprimique eam ad. Vis augue libris dissentiunt ne, per illud virtute sanctus ad.');
INSERT INTO Tutor(user_id, tutor_id, rate, location, description) VALUES (8, 8, 35, 'Cardiff',  'Lorem ipsum dolor sit amet, est ex cibo postulant. Duo te utamur laoreet. At usu discere perfecto, quas atqui te per. Vix delenit voluptaria cu. Utinam inciderint et quo, cu vis soluta alterum conceptam. Laoreet commune sit id, mei nibh legimus accumsan at, vis id mucius doming suscipit. <br />Erant antiopam eu eum. Intellegat interesset eam in, vim debet maiorum periculis an. Est cu eligendi vituperata. Movet altera doctus sea ex, per ut dicit equidem referrentur. Pro falli inimicus ex, est ad abhorreant repudiandae. Nam cu dolore corpora iracundia. <br />Eam et essent invidunt deseruisse, per ea brute mentitum omittantur. Velit verear aeterno vim at, eu eum magna appareat. Vel ea harum dolores, est albucius fabellas detraxit in, nam id duis nulla. Quis reprimique eam ad. Vis augue libris dissentiunt ne, per illud virtute sanctus ad.');
INSERT INTO Tutor(user_id, tutor_id, rate, location, description) VALUES (9, 9, 55, 'Bristol',  'Lorem ipsum dolor sit amet, est ex cibo postulant. Duo te utamur laoreet. At usu discere perfecto, quas atqui te per. Vix delenit voluptaria cu. Utinam inciderint et quo, cu vis soluta alterum conceptam. Laoreet commune sit id, mei nibh legimus accumsan at, vis id mucius doming suscipit. <br />Erant antiopam eu eum. Intellegat interesset eam in, vim debet maiorum periculis an. Est cu eligendi vituperata. Movet altera doctus sea ex, per ut dicit equidem referrentur. Pro falli inimicus ex, est ad abhorreant repudiandae. Nam cu dolore corpora iracundia. <br />Eam et essent invidunt deseruisse, per ea brute mentitum omittantur. Velit verear aeterno vim at, eu eum magna appareat. Vel ea harum dolores, est albucius fabellas detraxit in, nam id duis nulla. Quis reprimique eam ad. Vis augue libris dissentiunt ne, per illud virtute sanctus ad.');
INSERT INTO Tutor(user_id, tutor_id, rate, location, description) VALUES (10, 10, 40, 'Bristol',  'Lorem ipsum dolor sit amet, est ex cibo postulant. Duo te utamur laoreet. At usu discere perfecto, quas atqui te per. Vix delenit voluptaria cu. Utinam inciderint et quo, cu vis soluta alterum conceptam. Laoreet commune sit id, mei nibh legimus accumsan at, vis id mucius doming suscipit. <br />Erant antiopam eu eum. Intellegat interesset eam in, vim debet maiorum periculis an. Est cu eligendi vituperata. Movet altera doctus sea ex, per ut dicit equidem referrentur. Pro falli inimicus ex, est ad abhorreant repudiandae. Nam cu dolore corpora iracundia. <br />Eam et essent invidunt deseruisse, per ea brute mentitum omittantur. Velit verear aeterno vim at, eu eum magna appareat. Vel ea harum dolores, est albucius fabellas detraxit in, nam id duis nulla. Quis reprimique eam ad. Vis augue libris dissentiunt ne, per illud virtute sanctus ad.');

-- TutorSubjects
INSERT INTO TutorSubject (tutor_id, subject_id) VALUES (1, 1);
INSERT INTO TutorSubject (tutor_id, subject_id) VALUES (2, 1);
INSERT INTO TutorSubject (tutor_id, subject_id) VALUES (3, 1);
INSERT INTO TutorSubject (tutor_id, subject_id) VALUES (4, 2);
INSERT INTO TutorSubject (tutor_id, subject_id) VALUES (5, 2);
INSERT INTO TutorSubject (tutor_id, subject_id) VALUES (6, 2);
INSERT INTO TutorSubject (tutor_id, subject_id) VALUES (7, 3);
INSERT INTO TutorSubject (tutor_id, subject_id) VALUES (8, 3);
INSERT INTO TutorSubject (tutor_id, subject_id) VALUES (9, 3);
INSERT INTO TutorSubject (tutor_id, subject_id) VALUES (10, 1);

-- Student
INSERT INTO Student (user_id, student_id, stage) VALUES (11, 1, 'GCSE');
INSERT INTO Student (user_id, student_id, stage) VALUES (12, 2, 'A-level');
INSERT INTO Student (user_id, student_id, stage) VALUES (13, 3, 'Undergraduate');

-- Review
INSERT INTO Review (review_id, student_id, tutor_id, rating, posted_at, comments) VALUES (1, 1, 1, 2, '2018-03-01 13:50:05', 'Lorem ipsum dolor sit amet, est ex cibo postulant. Duo te utamur laoreet. At usu discere perfecto, quas atqui te per. Vix delenit voluptaria cu. Utinam inciderint et quo, cu vis soluta alterum conceptam. Laoreet commune sit id, mei nibh legimus accumsan at, vis id mucius doming suscipit.');
INSERT INTO Review (review_id, student_id, tutor_id, rating, posted_at, comments) VALUES (2, 2, 1, 5, '2018-03-01 14:50:05', 'Lorem ipsum dolor sit amet, est ex cibo postulant. Duo te utamur laoreet. At usu discere perfecto, quas atqui te per. Vix delenit voluptaria cu. Utinam inciderint et quo, cu vis soluta alterum conceptam. Laoreet commune sit id, mei nibh legimus accumsan at, vis id mucius doming suscipit.');
INSERT INTO Review (review_id, student_id, tutor_id, rating, posted_at, comments) VALUES (3, 3, 1, 3, '2018-03-01 15:50:05', 'Lorem ipsum dolor sit amet, est ex cibo postulant. Duo te utamur laoreet. At usu discere perfecto, quas atqui te per. Vix delenit voluptaria cu. Utinam inciderint et quo, cu vis soluta alterum conceptam. Laoreet commune sit id, mei nibh legimus accumsan at, vis id mucius doming suscipit.');
INSERT INTO Review (review_id, student_id, tutor_id, rating, posted_at, comments) VALUES (4, 1, 2, 5, '2018-03-01 13:50:05', 'Lorem ipsum dolor sit amet, est ex cibo postulant. Duo te utamur laoreet. At usu discere perfecto, quas atqui te per. Vix delenit voluptaria cu. Utinam inciderint et quo, cu vis soluta alterum conceptam. Laoreet commune sit id, mei nibh legimus accumsan at, vis id mucius doming suscipit.');
INSERT INTO Review (review_id, student_id, tutor_id, rating, posted_at, comments) VALUES (5, 2, 2, 2, '2018-03-01 14:50:05', 'Lorem ipsum dolor sit amet, est ex cibo postulant. Duo te utamur laoreet. At usu discere perfecto, quas atqui te per. Vix delenit voluptaria cu. Utinam inciderint et quo, cu vis soluta alterum conceptam. Laoreet commune sit id, mei nibh legimus accumsan at, vis id mucius doming suscipit.');
INSERT INTO Review (review_id, student_id, tutor_id, rating, posted_at, comments) VALUES (6, 3, 2, 4, '2018-03-01 15:50:05', 'Lorem ipsum dolor sit amet, est ex cibo postulant. Duo te utamur laoreet. At usu discere perfecto, quas atqui te per. Vix delenit voluptaria cu. Utinam inciderint et quo, cu vis soluta alterum conceptam. Laoreet commune sit id, mei nibh legimus accumsan at, vis id mucius doming suscipit.');
INSERT INTO Review (review_id, student_id, tutor_id, rating, posted_at, comments) VALUES (7, 1, 3, 4, '2018-03-01 13:50:05', 'Lorem ipsum dolor sit amet, est ex cibo postulant. Duo te utamur laoreet. At usu discere perfecto, quas atqui te per. Vix delenit voluptaria cu. Utinam inciderint et quo, cu vis soluta alterum conceptam. Laoreet commune sit id, mei nibh legimus accumsan at, vis id mucius doming suscipit.');
INSERT INTO Review (review_id, student_id, tutor_id, rating, posted_at, comments) VALUES (8, 2, 3, 3, '2018-03-01 14:50:05', 'Lorem ipsum dolor sit amet, est ex cibo postulant. Duo te utamur laoreet. At usu discere perfecto, quas atqui te per. Vix delenit voluptaria cu. Utinam inciderint et quo, cu vis soluta alterum conceptam. Laoreet commune sit id, mei nibh legimus accumsan at, vis id mucius doming suscipit.');
INSERT INTO Review (review_id, student_id, tutor_id, rating, posted_at, comments) VALUES (9, 3, 3, 2, '2018-03-01 15:50:05', 'Lorem ipsum dolor sit amet, est ex cibo postulant. Duo te utamur laoreet. At usu discere perfecto, quas atqui te per. Vix delenit voluptaria cu. Utinam inciderint et quo, cu vis soluta alterum conceptam. Laoreet commune sit id, mei nibh legimus accumsan at, vis id mucius doming suscipit.');
INSERT INTO Review (review_id, student_id, tutor_id, rating, posted_at, comments) VALUES (10, 1, 4, 4, '2018-03-01 13:50:05', 'Lorem ipsum dolor sit amet, est ex cibo postulant. Duo te utamur laoreet. At usu discere perfecto, quas atqui te per. Vix delenit voluptaria cu. Utinam inciderint et quo, cu vis soluta alterum conceptam. Laoreet commune sit id, mei nibh legimus accumsan at, vis id mucius doming suscipit.');
INSERT INTO Review (review_id, student_id, tutor_id, rating, posted_at, comments) VALUES (11, 2, 4, 5, '2018-03-01 14:50:05', 'Lorem ipsum dolor sit amet, est ex cibo postulant. Duo te utamur laoreet. At usu discere perfecto, quas atqui te per. Vix delenit voluptaria cu. Utinam inciderint et quo, cu vis soluta alterum conceptam. Laoreet commune sit id, mei nibh legimus accumsan at, vis id mucius doming suscipit.');
INSERT INTO Review (review_id, student_id, tutor_id, rating, posted_at, comments) VALUES (12, 3, 4, 5, '2018-03-01 15:50:05', 'Lorem ipsum dolor sit amet, est ex cibo postulant. Duo te utamur laoreet. At usu discere perfecto, quas atqui te per. Vix delenit voluptaria cu. Utinam inciderint et quo, cu vis soluta alterum conceptam. Laoreet commune sit id, mei nibh legimus accumsan at, vis id mucius doming suscipit.');
INSERT INTO Review (review_id, student_id, tutor_id, rating, posted_at, comments) VALUES (13, 1, 5, 4, '2018-03-01 13:50:05', 'Lorem ipsum dolor sit amet, est ex cibo postulant. Duo te utamur laoreet. At usu discere perfecto, quas atqui te per. Vix delenit voluptaria cu. Utinam inciderint et quo, cu vis soluta alterum conceptam. Laoreet commune sit id, mei nibh legimus accumsan at, vis id mucius doming suscipit.');
INSERT INTO Review (review_id, student_id, tutor_id, rating, posted_at, comments) VALUES (14, 2, 5, 2, '2018-03-01 14:50:05', 'Lorem ipsum dolor sit amet, est ex cibo postulant. Duo te utamur laoreet. At usu discere perfecto, quas atqui te per. Vix delenit voluptaria cu. Utinam inciderint et quo, cu vis soluta alterum conceptam. Laoreet commune sit id, mei nibh legimus accumsan at, vis id mucius doming suscipit.');
INSERT INTO Review (review_id, student_id, tutor_id, rating, posted_at, comments) VALUES (15, 3, 5, 3, '2018-03-01 15:50:05', 'Lorem ipsum dolor sit amet, est ex cibo postulant. Duo te utamur laoreet. At usu discere perfecto, quas atqui te per. Vix delenit voluptaria cu. Utinam inciderint et quo, cu vis soluta alterum conceptam. Laoreet commune sit id, mei nibh legimus accumsan at, vis id mucius doming suscipit.');
INSERT INTO Review (review_id, student_id, tutor_id, rating, posted_at, comments) VALUES (16, 1, 6, 4, '2018-03-01 13:50:05', 'Lorem ipsum dolor sit amet, est ex cibo postulant. Duo te utamur laoreet. At usu discere perfecto, quas atqui te per. Vix delenit voluptaria cu. Utinam inciderint et quo, cu vis soluta alterum conceptam. Laoreet commune sit id, mei nibh legimus accumsan at, vis id mucius doming suscipit.');
INSERT INTO Review (review_id, student_id, tutor_id, rating, posted_at, comments) VALUES (17, 2, 6, 5, '2018-03-01 14:50:05', 'Lorem ipsum dolor sit amet, est ex cibo postulant. Duo te utamur laoreet. At usu discere perfecto, quas atqui te per. Vix delenit voluptaria cu. Utinam inciderint et quo, cu vis soluta alterum conceptam. Laoreet commune sit id, mei nibh legimus accumsan at, vis id mucius doming suscipit.');
INSERT INTO Review (review_id, student_id, tutor_id, rating, posted_at, comments) VALUES (18, 3, 6, 5, '2018-03-01 15:50:05', 'Lorem ipsum dolor sit amet, est ex cibo postulant. Duo te utamur laoreet. At usu discere perfecto, quas atqui te per. Vix delenit voluptaria cu. Utinam inciderint et quo, cu vis soluta alterum conceptam. Laoreet commune sit id, mei nibh legimus accumsan at, vis id mucius doming suscipit.');
INSERT INTO Review (review_id, student_id, tutor_id, rating, posted_at, comments) VALUES (19, 1, 7, 4, '2018-03-01 13:50:05', 'Lorem ipsum dolor sit amet, est ex cibo postulant. Duo te utamur laoreet. At usu discere perfecto, quas atqui te per. Vix delenit voluptaria cu. Utinam inciderint et quo, cu vis soluta alterum conceptam. Laoreet commune sit id, mei nibh legimus accumsan at, vis id mucius doming suscipit.');
INSERT INTO Review (review_id, student_id, tutor_id, rating, posted_at, comments) VALUES (20, 2, 7, 5, '2018-03-01 14:50:05', 'Lorem ipsum dolor sit amet, est ex cibo postulant. Duo te utamur laoreet. At usu discere perfecto, quas atqui te per. Vix delenit voluptaria cu. Utinam inciderint et quo, cu vis soluta alterum conceptam. Laoreet commune sit id, mei nibh legimus accumsan at, vis id mucius doming suscipit.');
INSERT INTO Review (review_id, student_id, tutor_id, rating, posted_at, comments) VALUES (21, 3, 7, 3, '2018-03-01 15:50:05', 'Lorem ipsum dolor sit amet, est ex cibo postulant. Duo te utamur laoreet. At usu discere perfecto, quas atqui te per. Vix delenit voluptaria cu. Utinam inciderint et quo, cu vis soluta alterum conceptam. Laoreet commune sit id, mei nibh legimus accumsan at, vis id mucius doming suscipit.');
INSERT INTO Review (review_id, student_id, tutor_id, rating, posted_at, comments) VALUES (22, 1, 8, 4, '2018-03-01 13:50:05', 'Lorem ipsum dolor sit amet, est ex cibo postulant. Duo te utamur laoreet. At usu discere perfecto, quas atqui te per. Vix delenit voluptaria cu. Utinam inciderint et quo, cu vis soluta alterum conceptam. Laoreet commune sit id, mei nibh legimus accumsan at, vis id mucius doming suscipit.');
INSERT INTO Review (review_id, student_id, tutor_id, rating, posted_at, comments) VALUES (23, 2, 8, 5, '2018-03-01 14:50:05', 'Lorem ipsum dolor sit amet, est ex cibo postulant. Duo te utamur laoreet. At usu discere perfecto, quas atqui te per. Vix delenit voluptaria cu. Utinam inciderint et quo, cu vis soluta alterum conceptam. Laoreet commune sit id, mei nibh legimus accumsan at, vis id mucius doming suscipit.');
INSERT INTO Review (review_id, student_id, tutor_id, rating, posted_at, comments) VALUES (24, 3, 8, 2, '2018-03-01 15:50:05', 'Lorem ipsum dolor sit amet, est ex cibo postulant. Duo te utamur laoreet. At usu discere perfecto, quas atqui te per. Vix delenit voluptaria cu. Utinam inciderint et quo, cu vis soluta alterum conceptam. Laoreet commune sit id, mei nibh legimus accumsan at, vis id mucius doming suscipit.');
INSERT INTO Review (review_id, student_id, tutor_id, rating, posted_at, comments) VALUES (25, 1, 9, 4, '2018-03-01 13:50:05', 'Lorem ipsum dolor sit amet, est ex cibo postulant. Duo te utamur laoreet. At usu discere perfecto, quas atqui te per. Vix delenit voluptaria cu. Utinam inciderint et quo, cu vis soluta alterum conceptam. Laoreet commune sit id, mei nibh legimus accumsan at, vis id mucius doming suscipit.');
INSERT INTO Review (review_id, student_id, tutor_id, rating, posted_at, comments) VALUES (26, 2, 9, 5, '2018-03-01 14:50:05', 'Lorem ipsum dolor sit amet, est ex cibo postulant. Duo te utamur laoreet. At usu discere perfecto, quas atqui te per. Vix delenit voluptaria cu. Utinam inciderint et quo, cu vis soluta alterum conceptam. Laoreet commune sit id, mei nibh legimus accumsan at, vis id mucius doming suscipit.');
INSERT INTO Review (review_id, student_id, tutor_id, rating, posted_at, comments) VALUES (27, 3, 9, 4, '2018-03-01 15:50:05', 'Lorem ipsum dolor sit amet, est ex cibo postulant. Duo te utamur laoreet. At usu discere perfecto, quas atqui te per. Vix delenit voluptaria cu. Utinam inciderint et quo, cu vis soluta alterum conceptam. Laoreet commune sit id, mei nibh legimus accumsan at, vis id mucius doming suscipit.');
INSERT INTO Review (review_id, student_id, tutor_id, rating, posted_at, comments) VALUES (28, 1, 10, 2, '2018-03-01 13:50:05', 'Lorem ipsum dolor sit amet, est ex cibo postulant. Duo te utamur laoreet. At usu discere perfecto, quas atqui te per. Vix delenit voluptaria cu. Utinam inciderint et quo, cu vis soluta alterum conceptam. Laoreet commune sit id, mei nibh legimus accumsan at, vis id mucius doming suscipit.');
INSERT INTO Review (review_id, student_id, tutor_id, rating, posted_at, comments) VALUES (29, 2, 10, 5, '2018-03-01 14:50:05', 'Lorem ipsum dolor sit amet, est ex cibo postulant. Duo te utamur laoreet. At usu discere perfecto, quas atqui te per. Vix delenit voluptaria cu. Utinam inciderint et quo, cu vis soluta alterum conceptam. Laoreet commune sit id, mei nibh legimus accumsan at, vis id mucius doming suscipit.');
INSERT INTO Review (review_id, student_id, tutor_id, rating, posted_at, comments) VALUES (30, 3, 10, 4, '2018-03-01 15:50:05', 'Lorem ipsum dolor sit amet, est ex cibo postulant. Duo te utamur laoreet. At usu discere perfecto, quas atqui te per. Vix delenit voluptaria cu. Utinam inciderint et quo, cu vis soluta alterum conceptam. Laoreet commune sit id, mei nibh legimus accumsan at, vis id mucius doming suscipit.');
